{"count":1,"self":21.4475536,"total":21.600385,"children":{"InitializeActuators":{"count":1,"self":0.0010789999999999999,"total":0.0010789999999999999,"children":null},"InitializeSensors":{"count":1,"self":0.0021089999999999998,"total":0.0021089999999999998,"children":null},"AgentSendState":{"count":999,"self":0.025849999999999998,"total":0.034511,"children":{"CollectObservations":{"count":200,"self":0.0010479999999999999,"total":0.0010479999999999999,"children":null},"WriteActionMask":{"count":200,"self":0.00041299999999999996,"total":0.00041299999999999996,"children":null},"RequestDecision":{"count":200,"self":0.0072,"total":0.0072,"children":null}}},"DecideAction":{"count":999,"self":0.11054399999999999,"total":0.111759,"children":{"RayPerceptionSensor.Perceive":{"count":400,"self":0.001215,"total":0.001215,"children":null}}},"AgentAct":{"count":999,"self":0.0026379999999999997,"total":0.0026379999999999997,"children":null}},"gauges":{},"metadata":{"timer_format_version":"0.1.0","start_time_seconds":"1750605885","unity_version":"6000.0.36f1","command_line_arguments":"\/home\/ferloz97\/Unity\/Hub\/Editor\/6000.0.36f1\/Editor\/Unity -projectpath \/home\/ferloz97\/Desktop\/drl-tfg -useHub -hubIPC -cloudEnvironment production","communication_protocol_version":"1.5.0","com.unity.ml-agents_version":"3.0.0","scene_name":"Circuit1 2","end_time_seconds":"1750605907"}}