{"count":1,"self":54.5279168,"total":55.079389,"children":{"InitializeActuators":{"count":2,"self":0.0010479999999999999,"total":0.0010479999999999999,"children":null},"InitializeSensors":{"count":2,"self":0.002204,"total":0.002204,"children":null},"AgentSendState":{"count":2716,"self":0.069646,"total":0.081976,"children":{"CollectObservations":{"count":1088,"self":0.0021939999999999998,"total":0.0021939999999999998,"children":null},"WriteActionMask":{"count":1088,"self":0.0011639999999999999,"total":0.0011639999999999999,"children":null},"RequestDecision":{"count":1088,"self":0.0089719999999999991,"total":0.0089719999999999991,"children":null}}},"DecideAction":{"count":2716,"self":0.45422199999999996,"total":0.45863499999999996,"children":{"RayPerceptionSensor.Perceive":{"count":2176,"self":0.0044129999999999994,"total":0.0044129999999999994,"children":null}}},"AgentAct":{"count":2716,"self":0.0070929999999999995,"total":0.0070929999999999995,"children":null}},"gauges":{"CarAgent.CumulativeReward":{"count":2,"max":2.448518,"min":2.418846,"runningAverage":2.433682,"value":2.418846,"weightedAverage":2.44110012}},"metadata":{"timer_format_version":"0.1.0","start_time_seconds":"1750779174","unity_version":"6000.0.36f1","command_line_arguments":"\/home\/ferloz97\/Unity\/Hub\/Editor\/6000.0.36f1\/Editor\/Unity -projectpath \/home\/ferloz97\/Desktop\/drl-tfg -useHub -hubIPC -cloudEnvironment production","communication_protocol_version":"1.5.0","com.unity.ml-agents_version":"3.0.0","scene_name":"Circuit1Nice","end_time_seconds":"1750779229"}}