{"count":1,"self":398.516096,"total":1547.109563,"children":{"InitializeActuators":{"count":100,"self":0.002169,"total":0.002169,"children":null},"InitializeSensors":{"count":100,"self":0.004365,"total":0.004365,"children":null},"AgentSendState":{"count":125201,"self":136.6956032,"total":235.42075699999998,"children":{"CollectObservations":{"count":2504100,"self":3.912344,"total":3.912344,"children":null},"WriteActionMask":{"count":2504100,"self":1.563829,"total":1.563829,"children":null},"RequestDecision":{"count":2504100,"self":5.2067112,"total":93.248978999999991,"children":{"AgentInfo.ToProto":{"count":2504100,"self":3.8972751999999997,"total":88.042267999999993,"children":{"GenerateSensorData":{"count":2504100,"self":78.56304639999999,"total":84.144993,"children":{"RayPerceptionSensor.Perceive":{"count":5008200,"self":5.5819459999999994,"total":5.5819459999999994,"children":null}}}}}}}}},"DecideAction":{"count":125201,"self":908.2865664,"total":908.286611,"children":null},"AgentAct":{"count":125201,"self":4.4876911999999995,"total":4.487691,"children":null},"AgentInfo.ToProto":{"count":7543,"self":0.043677,"total":0.39147699999999996,"children":{"GenerateSensorData":{"count":7543,"self":0.32225699999999996,"total":0.3478,"children":{"RayPerceptionSensor.Perceive":{"count":15086,"self":0.025543,"total":0.025543,"children":null}}}}}},"gauges":{"CarAgent.CumulativeReward":{"count":7543,"max":0.982168853,"min":-1.8554312,"runningAverage":0.7668298,"value":0.9797358,"weightedAverage":0.9773459}},"metadata":{"timer_format_version":"0.1.0","start_time_seconds":"1742640783","unity_version":"6000.0.36f1","command_line_arguments":"\/opt\/unityeditor\/6000.0.36f1\/Editor\/Unity -projectpath \/home\/ferloz97\/Desktop\/drl-tfg -useHub -hubIPC -cloudEnvironment production","communication_protocol_version":"1.5.0","com.unity.ml-agents_version":"3.0.0","scene_name":"Circuit_1","end_time_seconds":"1742642330"}}