{"count":1,"self":64.7776896,"total":67.409058,"children":{"InitializeActuators":{"count":12,"self":0.001371,"total":0.001371,"children":null},"InitializeSensors":{"count":12,"self":0.0030589999999999997,"total":0.0030589999999999997,"children":null},"AgentSendState":{"count":3301,"self":0.701307,"total":0.746405,"children":{"CollectObservations":{"count":7932,"self":0.017958,"total":0.017958,"children":null},"WriteActionMask":{"count":7932,"self":0.0068889999999999993,"total":0.0068889999999999993,"children":null},"RequestDecision":{"count":7932,"self":0.020250999999999998,"total":0.020250999999999998,"children":null}}},"DecideAction":{"count":3301,"self":1.8093,"total":1.844563,"children":{"RayPerceptionSensor.Perceive":{"count":23796,"self":0.035262999999999996,"total":0.035262999999999996,"children":null}}},"AgentAct":{"count":3301,"self":0.035199999999999995,"total":0.035199999999999995,"children":null}},"gauges":{"CarAgent.CumulativeReward":{"count":23,"max":1.91947985,"min":-0.431876034,"runningAverage":1.75837576,"value":1.91105032,"weightedAverage":1.9063344}},"metadata":{"timer_format_version":"0.1.0","start_time_seconds":"1745230025","unity_version":"6000.0.36f1","command_line_arguments":"\/opt\/unityeditor\/6000.0.36f1\/Editor\/Unity -projectpath \/home\/ferloz97\/Desktop\/drl-tfg -useHub -hubIPC -cloudEnvironment production","communication_protocol_version":"1.5.0","com.unity.ml-agents_version":"3.0.0","scene_name":"CurvesMedium","end_time_seconds":"1745230092"}}