{"count":1,"self":63.640588799999996,"total":66.580466,"children":{"InitializeActuators":{"count":12,"self":0.000841,"total":0.000841,"children":null},"InitializeSensors":{"count":12,"self":0.0022099999999999997,"total":0.0022099999999999997,"children":null},"AgentSendState":{"count":3271,"self":0.688167,"total":0.717044,"children":{"CollectObservations":{"count":7860,"self":0.009160999999999999,"total":0.009160999999999999,"children":null},"WriteActionMask":{"count":7860,"self":0.003953,"total":0.003953,"children":null},"RequestDecision":{"count":7860,"self":0.015763,"total":0.015763,"children":null}}},"DecideAction":{"count":3271,"self":2.1661669999999997,"total":2.206058,"children":{"RayPerceptionSensor.Perceive":{"count":39300,"self":0.039890999999999996,"total":0.039890999999999996,"children":null}}},"AgentAct":{"count":3271,"self":0.013467999999999999,"total":0.013467999999999999,"children":null}},"gauges":{"CarAgent.CumulativeReward":{"count":30,"max":2.02655339,"min":-0.9990905,"runningAverage":0.06418152,"value":-0.771858335,"weightedAverage":0.46046856}},"metadata":{"timer_format_version":"0.1.0","start_time_seconds":"1749137820","unity_version":"6000.0.36f1","command_line_arguments":"\/home\/ferloz97\/Unity\/Hub\/Editor\/6000.0.36f1\/Editor\/Unity -projectpath \/home\/ferloz97\/Desktop\/drl-tfg -useHub -hubIPC -cloudEnvironment production","communication_protocol_version":"1.5.0","com.unity.ml-agents_version":"3.0.0","scene_name":"CurvesD1","end_time_seconds":"1749137886"}}