{"count":1,"self":27.7108672,"total":28.089095999999998,"children":{"InitializeActuators":{"count":12,"self":0.000937,"total":0.000937,"children":null},"InitializeSensors":{"count":12,"self":0.0019149999999999998,"total":0.0019149999999999998,"children":null},"AgentSendState":{"count":1371,"self":0.273939,"total":0.362475,"children":{"CollectObservations":{"count":3300,"self":0.0035499999999999998,"total":0.0035499999999999998,"children":null},"WriteActionMask":{"count":3300,"self":0.001537,"total":0.001537,"children":null},"RequestDecision":{"count":3300,"self":0.067248,"total":0.083449,"children":{"RayPerceptionSensor.Perceive":{"count":16500,"self":0.016201,"total":0.016201,"children":null}}}}},"DecideAction":{"count":1371,"self":0.007982,"total":0.007982,"children":null},"AgentAct":{"count":1371,"self":0.0039499999999999995,"total":0.0039499999999999995,"children":null},"RayPerceptionSensor.Perceive":{"count":410,"self":0.00046199999999999995,"total":0.00046199999999999995,"children":null}},"gauges":{"CarAgent.CumulativeReward":{"count":82,"max":1.01396811,"min":-0.998330653,"runningAverage":-0.6476299,"value":-0.188337788,"weightedAverage":-0.07716512}},"metadata":{"timer_format_version":"0.1.0","start_time_seconds":"1749476590","unity_version":"6000.0.36f1","command_line_arguments":"\/home\/ferloz97\/Unity\/Hub\/Editor\/6000.0.36f1\/Editor\/Unity -projectpath \/home\/ferloz97\/Desktop\/drl-tfg -useHub -hubIPC -cloudEnvironment production","communication_protocol_version":"1.5.0","com.unity.ml-agents_version":"3.0.0","scene_name":"Hills","end_time_seconds":"1749476618"}}