{"count":1,"self":26.7130272,"total":27.695255999999997,"children":{"InitializeActuators":{"count":12,"self":0.001596,"total":0.001596,"children":null},"InitializeSensors":{"count":12,"self":0.002322,"total":0.002322,"children":null},"AgentSendState":{"count":1319,"self":0.165845,"total":0.183633,"children":{"CollectObservations":{"count":3168,"self":0.0047329999999999994,"total":0.0047329999999999994,"children":null},"WriteActionMask":{"count":3168,"self":0.0018319999999999999,"total":0.0018319999999999999,"children":null},"RequestDecision":{"count":3168,"self":0.011223,"total":0.011223,"children":null}}},"DecideAction":{"count":1319,"self":0.77203899999999992,"total":0.78390399999999993,"children":{"RayPerceptionSensor.Perceive":{"count":6336,"self":0.011864999999999999,"total":0.011864999999999999,"children":null}}},"AgentAct":{"count":1319,"self":0.010203,"total":0.010203,"children":null}},"gauges":{"CarAgent.CumulativeReward":{"count":12,"max":1.18095291,"min":-0.772447467,"runningAverage":0.991849,"value":1.112887,"weightedAverage":1.05790234}},"metadata":{"timer_format_version":"0.1.0","start_time_seconds":"1750603825","unity_version":"6000.0.36f1","command_line_arguments":"\/home\/ferloz97\/Unity\/Hub\/Editor\/6000.0.36f1\/Editor\/Unity -projectpath \/home\/ferloz97\/Desktop\/drl-tfg -useHub -hubIPC -cloudEnvironment production","communication_protocol_version":"1.5.0","com.unity.ml-agents_version":"3.0.0","scene_name":"Loop","end_time_seconds":"1750603853"}}