{"count":1,"self":49.1674176,"total":49.244524,"children":{"InitializeActuators":{"count":1,"self":0.000936,"total":0.000936,"children":null},"InitializeSensors":{"count":1,"self":0.001774,"total":0.001774,"children":null},"AgentSendState":{"count":2418,"self":0.051081999999999995,"total":0.066388,"children":{"CollectObservations":{"count":484,"self":0.001175,"total":0.001175,"children":null},"WriteActionMask":{"count":484,"self":0.00044199999999999996,"total":0.00044199999999999996,"children":null},"RequestDecision":{"count":484,"self":0.011021999999999999,"total":0.013689,"children":{"RayPerceptionSensor.Perceive":{"count":2420,"self":0.0026669999999999997,"total":0.0026669999999999997,"children":null}}}}},"DecideAction":{"count":2418,"self":0.0051909999999999994,"total":0.0051909999999999994,"children":null},"AgentAct":{"count":2418,"self":0.0025369999999999998,"total":0.0025369999999999998,"children":null}},"gauges":{},"metadata":{"timer_format_version":"0.1.0","start_time_seconds":"1748625112","unity_version":"6000.0.36f1","command_line_arguments":"\/home\/ferloz97\/Unity\/Hub\/Editor\/6000.0.36f1\/Editor\/Unity -projectpath \/home\/ferloz97\/Desktop\/drl-tfg -useHub -hubIPC -cloudEnvironment production","communication_protocol_version":"1.5.0","com.unity.ml-agents_version":"3.0.0","scene_name":"Plane","end_time_seconds":"1748625162"}}