{"count":1,"self":16.661918399999998,"total":17.280459999999998,"children":{"InitializeActuators":{"count":12,"self":0.001579,"total":0.001579,"children":null},"InitializeSensors":{"count":12,"self":0.003036,"total":0.003036,"children":null},"AgentSendState":{"count":798,"self":0.17526,"total":0.193885,"children":{"CollectObservations":{"count":1920,"self":0.004385,"total":0.004385,"children":null},"WriteActionMask":{"count":1920,"self":0.0017729999999999998,"total":0.0017729999999999998,"children":null},"RequestDecision":{"count":1920,"self":0.012466999999999999,"total":0.012466999999999999,"children":null}}},"DecideAction":{"count":798,"self":0.401412,"total":0.40982199999999996,"children":{"RayPerceptionSensor.Perceive":{"count":5760,"self":0.0084099999999999991,"total":0.0084099999999999991,"children":null}}},"AgentAct":{"count":798,"self":0.009492,"total":0.009492,"children":null}},"gauges":{"CarAgent.CumulativeReward":{"count":74,"max":0.192824751,"min":0.184628457,"runningAverage":0.190932035,"value":0.1924497,"weightedAverage":0.191332445}},"metadata":{"timer_format_version":"0.1.0","start_time_seconds":"1745229974","unity_version":"6000.0.36f1","command_line_arguments":"\/opt\/unityeditor\/6000.0.36f1\/Editor\/Unity -projectpath \/home\/ferloz97\/Desktop\/drl-tfg -useHub -hubIPC -cloudEnvironment production","communication_protocol_version":"1.5.0","com.unity.ml-agents_version":"3.0.0","scene_name":"Reorientation","end_time_seconds":"1745229991"}}