{"count":1,"self":36.2545728,"total":36.415154,"children":{"InitializeActuators":{"count":3,"self":0.001856,"total":0.001856,"children":null},"InitializeSensors":{"count":3,"self":0.0031839999999999998,"total":0.0031839999999999998,"children":null},"AgentSendState":{"count":1748,"self":0.102835,"total":0.134577,"children":{"CollectObservations":{"count":1050,"self":0.003124,"total":0.003124,"children":null},"WriteActionMask":{"count":1050,"self":0.001224,"total":0.001224,"children":null},"RequestDecision":{"count":1050,"self":0.022288,"total":0.027393999999999998,"children":{"RayPerceptionSensor.Perceive":{"count":3150,"self":0.0051059999999999994,"total":0.0051059999999999994,"children":null}}}}},"DecideAction":{"count":1748,"self":0.012237999999999999,"total":0.012237999999999999,"children":null},"AgentAct":{"count":1748,"self":0.0078199999999999988,"total":0.0078199999999999988,"children":null},"RayPerceptionSensor.Perceive":{"count":90,"self":0.000149,"total":0.000149,"children":null}},"gauges":{"CarAgent.CumulativeReward":{"count":30,"max":0.194784984,"min":-1.03499055,"runningAverage":-0.5328033,"value":-1.005593,"weightedAverage":-0.668876}},"metadata":{"timer_format_version":"0.1.0","start_time_seconds":"1744711478","unity_version":"6000.0.36f1","command_line_arguments":"\/opt\/unityeditor\/6000.0.36f1\/Editor\/Unity -projectpath \/home\/ferloz97\/Desktop\/drl-tfg -useHub -hubIPC -cloudEnvironment production","communication_protocol_version":"1.5.0","com.unity.ml-agents_version":"3.0.0","scene_name":"Reorientation","end_time_seconds":"1744711514"}}