{
    "name": "root",
    "metadata": {
        "timer_format_version": "0.1.0",
        "start_time_seconds": "1740149413",
        "python_version": "3.10.12 (main, Jul  5 2023, 18:54:27) [GCC 11.2.0]",
        "command_line_arguments": "/opt/anaconda3/envs/mlagents/bin/mlagents-learn --force",
        "mlagents_version": "1.1.0",
        "mlagents_envs_version": "1.1.0",
        "communication_protocol_version": "1.5.0",
        "pytorch_version": "2.6.0+cu124",
        "numpy_version": "1.23.5",
        "end_time_seconds": "1740149503"
    },
    "total": 89.95910908500014,
    "count": 1,
    "self": 0.004199679000294054,
    "children": {
        "run_training.setup": {
            "total": 0.019760818999884577,
            "count": 1,
            "self": 0.019760818999884577
        },
        "TrainerController.start_learning": {
            "total": 89.93514858699996,
            "count": 1,
            "self": 0.07148040500510433,
            "children": {
                "TrainerController._reset_env": {
                    "total": 8.94699163700011,
                    "count": 1,
                    "self": 8.94699163700011
                },
                "TrainerController.advance": {
                    "total": 80.82829193899488,
                    "count": 4217,
                    "self": 0.06293248600195511,
                    "children": {
                        "env_step": {
                            "total": 80.45272256900466,
                            "count": 4217,
                            "self": 75.07701521399963,
                            "children": {
                                "SubprocessEnvManager._take_step": {
                                    "total": 5.333487953008216,
                                    "count": 4217,
                                    "self": 0.19830950501227562,
                                    "children": {
                                        "TorchPolicy.evaluate": {
                                            "total": 5.135178447995941,
                                            "count": 4217,
                                            "self": 5.135178447995941
                                        }
                                    }
                                },
                                "workers": {
                                    "total": 0.042219401996817396,
                                    "count": 4216,
                                    "self": 0.0,
                                    "children": {
                                        "worker_root": {
                                            "total": 46.898961562007344,
                                            "count": 4216,
                                            "is_parallel": true,
                                            "self": 17.478024842999275,
                                            "children": {
                                                "run_training.setup": {
                                                    "total": 0.0,
                                                    "count": 0,
                                                    "is_parallel": true,
                                                    "self": 0.0,
                                                    "children": {
                                                        "steps_from_proto": {
                                                            "total": 0.0006097390000832092,
                                                            "count": 1,
                                                            "is_parallel": true,
                                                            "self": 0.0001523079999969923,
                                                            "children": {
                                                                "_process_rank_one_or_two_observation": {
                                                                    "total": 0.00045743100008621695,
                                                                    "count": 2,
                                                                    "is_parallel": true,
                                                                    "self": 0.00045743100008621695
                                                                }
                                                            }
                                                        },
                                                        "UnityEnvironment.step": {
                                                            "total": 0.01859386099999938,
                                                            "count": 1,
                                                            "is_parallel": true,
                                                            "self": 0.00010486600012882263,
                                                            "children": {
                                                                "UnityEnvironment._generate_step_input": {
                                                                    "total": 0.0001100380000025325,
                                                                    "count": 1,
                                                                    "is_parallel": true,
                                                                    "self": 0.0001100380000025325
                                                                },
                                                                "communicator.exchange": {
                                                                    "total": 0.01810692399999425,
                                                                    "count": 1,
                                                                    "is_parallel": true,
                                                                    "self": 0.01810692399999425
                                                                },
                                                                "steps_from_proto": {
                                                                    "total": 0.0002720329998737725,
                                                                    "count": 1,
                                                                    "is_parallel": true,
                                                                    "self": 0.00011230199993406131,
                                                                    "children": {
                                                                        "_process_rank_one_or_two_observation": {
                                                                            "total": 0.00015973099993971118,
                                                                            "count": 2,
                                                                            "is_parallel": true,
                                                                            "self": 0.00015973099993971118
                                                                        }
                                                                    }
                                                                }
                                                            }
                                                        }
                                                    }
                                                },
                                                "UnityEnvironment.step": {
                                                    "total": 29.42093671900807,
                                                    "count": 4215,
                                                    "is_parallel": true,
                                                    "self": 0.27930659500907495,